Name,URL,Potential Hazardous Asteroid
465633 (2009 JR5),http://ssd.jpl.nasa.gov/sbdb.cgi?sstr=2465633,True
(2008 QV11),http://ssd.jpl.nasa.gov/sbdb.cgi?sstr=3426410,False
(2010 XT10),http://ssd.jpl.nasa.gov/sbdb.cgi?sstr=3553060,False
(2015 RC),http://ssd.jpl.nasa.gov/sbdb.cgi?sstr=3726710,False
(2015 RO36),http://ssd.jpl.nasa.gov/sbdb.cgi?sstr=3727181,False
(2015 RN83),http://ssd.jpl.nasa.gov/sbdb.cgi?sstr=3727639,False
(2015 TX237),http://ssd.jpl.nasa.gov/sbdb.cgi?sstr=3730577,False
(2015 UG),http://ssd.jpl.nasa.gov/sbdb.cgi?sstr=3731587,False
(2016 EK158),http://ssd.jpl.nasa.gov/sbdb.cgi?sstr=3747356,False
(2016 RT),http://ssd.jpl.nasa.gov/sbdb.cgi?sstr=3758838,False
(2021 QP3),http://ssd.jpl.nasa.gov/sbdb.cgi?sstr=54191333,False
(2021 VC9),http://ssd.jpl.nasa.gov/sbdb.cgi?sstr=54218591,False
